Workbook

Sheet Resumo
B1: =Stakeholders!B1 -> LIVROS MÁGICOS | D1: Matriz de Comunicação - Stakeholders Resumo | G1: =Stakeholders!K1 -> Revisão A 17/Out/2025
B2: Rev. | C2: RA | D2: Nome Completo | E2: Nome no Projeto | F2: Cargo | G2: e-mail Uninove
B3: =Stakeholders!B3 -> A | C3: =Stakeholders!C3 -> 925204488 | D3: =Stakeholders!D3 -> Aghata Roberta Tavares Damasceno | E3: =Stakeholders!E3 -> Aghata Roberta | F3: =IF(Stakeholders!F3="","",Stakeholders!F3) | G3: =Stakeholders!G3 -> aghata.roberta.damasceno@uni9.edu.br
B4: =Stakeholders!B4 -> 0 | C4: =Stakeholders!C4 -> 925202248 | D4: =Stakeholders!D4 -> Caio Feitor Santos | E4: =Stakeholders!E4 -> Caio Santos | F4: =IF(Stakeholders!F4="","",Stakeholders!F4) | G4: =Stakeholders!G4 -> caio.feitor@uni9.edu.br
B5: =Stakeholders!B5 -> 0 | C5: =Stakeholders!C5 -> 925202874 | D5: =Stakeholders!D5 -> Ester Sabrina Menezes | E5: =Stakeholders!E5 -> Ester Menezes | F5: =IF(Stakeholders!F5="","",Stakeholders!F5) | G5: =Stakeholders!G5 -> ester.sabrina@uni9.edu.br
B6: =Stakeholders!B6 -> 0 | C6: =Stakeholders!C6 -> 925201408 | D6: =Stakeholders!D6 -> Gabriel Victor Marques Bastos | E6: =Stakeholders!E6 -> Gabriel Bastos | F6: =IF(Stakeholders!F6="","",Stakeholders!F6) | G6: =Stakeholders!G6 -> g.v.bastos@uni9.edu.br
A7: 1 | B7: =Stakeholders!B7 -> A | C7: =Stakeholders!C7 -> 925205636 | D7: =Stakeholders!D7 -> Ingrid Camille Rodrigues Gonçalves | E7: =Stakeholders!E7 -> Ingrid Gonçalves | F7: =IF(Stakeholders!F7="","",Stakeholders!F7) | G7: =Stakeholders!G7 -> ingrid.rg@uni9.edu.br
B8: =Stakeholders!B8 -> 0 | C8: =Stakeholders!C8 -> 925200948 | D8: =Stakeholders!D8 -> Kauã Azevedo de Oliveira | E8: =Stakeholders!E8 -> Kauã Oliveira | F8: =IF(Stakeholders!F8="","",Stakeholders!F8) | G8: =Stakeholders!G8 -> azevedo.kaua@uni9.edu.br
B9: =Stakeholders!B9 -> 0 | C9: =Stakeholders!C9 -> 925202396 | D9: =Stakeholders!D9 -> Kayky Oliveira Santos | E9: =Stakeholders!E9 -> Kayky Santos | F9: =IF(Stakeholders!F9="","",Stakeholders!F9) | G9: =Stakeholders!G9 -> berryhoney222@uni9.edu.br
B10: =Stakeholders!B10 -> 0 | C10: =Stakeholders!C10 -> 925118275 | D10: =Stakeholders!D10 -> Lucas Pantaleão dos Santos | E10: =Stakeholders!E10 -> Lucas Pantaleão | F10: =IF(Stakeholders!F10="","",Stakeholders!F10) | G10: =Stakeholders!G10 -> l.pantaleao@uni9.edu.br
B11: =Stakeholders!B11 -> 0 | C11: =Stakeholders!C11 -> 925204207 | D11: =Stakeholders!D11 -> Marlei Gonçalves dos Santos | E11: =Stakeholders!E11 -> MarleiGS | F11: =IF(Stakeholders!F11="","",Stakeholders!F11) -> Gerente de Projeto | G11: =Stakeholders!G11 -> marlei.gsantos@uni9.edu.br
B12: =Stakeholders!B12 -> 0 | C12: =Stakeholders!C12 -> 925202983 | D12: =Stakeholders!D12 -> Mateus da Silva Costa | E12: =Stakeholders!E12 -> Mateus Costa | F12: =IF(Stakeholders!F12="","",Stakeholders!F12) | G12: =Stakeholders!G12 -> ligiamateuscosta@uni9.edu.br
B13: =Stakeholders!B13 -> 0 | C13: =Stakeholders!C13 -> 925205973 | D13: =Stakeholders!D13 -> Matheus Henrique de Paiva Santiago Sousa | E13: =Stakeholders!E13 -> Matheus Santiago | F13: =IF(Stakeholders!F13="","",Stakeholders!F13) | G13: =Stakeholders!G13 -> matheushpss99@uni9.edu.br
B14: =Stakeholders!B14 -> 0 | C14: =Stakeholders!C14 -> 0 | D14: =Stakeholders!D14 -> 0 | E14: =Stakeholders!E14 -> 0 | F14: =IF(Stakeholders!F14="","",Stakeholders!F14) | G14: =Stakeholders!G14 -> 0
B15: =Stakeholders!B15 -> 0 | C15: =Stakeholders!C15 -> 0 | D15: =Stakeholders!D15 -> 0 | E15: =Stakeholders!E15 -> 0 | F15: =IF(Stakeholders!F15="","",Stakeholders!F15) | G15: =Stakeholders!G15 -> 0
B16: =Stakeholders!B16 -> 0 | C16: =Stakeholders!C16 -> 0 | D16: =Stakeholders!D16 -> 0 | E16: =Stakeholders!E16 -> 0 | F16: =IF(Stakeholders!F16="","",Stakeholders!F16) | G16: =Stakeholders!G16 -> 0
B17: =Stakeholders!B17 -> 0 | C17: =Stakeholders!C17 -> 0 | D17: =Stakeholders!D17 -> 0 | E17: =Stakeholders!E17 -> 0 | F17: =IF(Stakeholders!F17="","",Stakeholders!F17) | G17: =Stakeholders!G17 -> 0
B18: NÃO ALTERAR

Sheet Stakeholders
B1: LIVROS MÁGICOS | D1: Matriz de Comunicação - Stakeholders | K1: Revisão A 17/Out/2025
B2: Rev. | C2: RA | D2: Nome Completo | E2: Nome no Projeto | F2: Cargo | G2: e-mail Uninove | H2: e-mail pessoal | I2: Contato | J2: GitHub | K2: LinkedIn
B3: A | C3: 925204488 | D3: Aghata Roberta Tavares Damasceno | E3: Aghata Roberta | G3: aghata.roberta.damasceno@uni9.edu.br | I3: 11980931805 | J3: aghataa
B4: 0 | C4: 925202248 | D4: Caio Feitor Santos | E4: Caio Santos | G4: caio.feitor@uni9.edu.br | I4: 11987455384 | J4: CaioFeitor1910
B5: 0 | C5: 925202874 | D5: Ester Sabrina Menezes | E5: Ester Menezes | G5: ester.sabrina@uni9.edu.br | I5: 11960422456 | J5: Eiester
B6: 0 | C6: 925201408 | D6: Gabriel Victor Marques Bastos | E6: Gabriel Bastos | G6: g.v.bastos@uni9.edu.br | I6: 11941942931 | J6: gabrielvic368
B7: A | C7: 925205636 | D7: Ingrid Camille Rodrigues Gonçalves | E7: Ingrid Gonçalves | G7: ingrid.rg@uni9.edu.br | I7: 11994785636 | J7: IngridRG14
B8: 0 | C8: 925200948 | D8: Kauã Azevedo de Oliveira | E8: Kauã Oliveira | G8: azevedo.kaua@uni9.edu.br | I8: 11970609941 | J8: KauaAzevedo-hub
B9: 0 | C9: 925202396 | D9: Kayky Oliveira Santos | E9: Kayky Santos | G9: berryhoney222@uni9.edu.br | I9: 11978284526 | J9: KaykyOliveira1090
B10: 0 | C10: 925118275 | D10: Lucas Pantaleão dos Santos | E10: Lucas Pantaleão | G10: l.pantaleao@uni9.edu.br | I10: 11952026752 | J10: LucasPsantos-ux
B11: 0 | C11: 925204207 | D11: Marlei Gonçalves dos Santos | E11: MarleiGS | F11: Gerente de Projeto | G11: marlei.gsantos@uni9.edu.br | H11: marlei.gsantos@gmail.com | I11: 11970230317 | J11: MarleiGS
B12: 0 | C12: 925202983 | D12: Mateus da Silva Costa | E12: Mateus Costa | G12: ligiamateuscosta@uni9.edu.br | I12: 11913485440 | J12: ligiamateuscosta-boop
B13: 0 | C13: 925205973 | D13: Matheus Henrique de Paiva Santiago Sousa | E13: Matheus Santiago | G13: matheushpss99@uni9.edu.br | I13: 11939562071 | J13: MathheuSantiago
